filename,0,1,2,3
C06_B108_S21.tif,0,0,0,1
C13_B156_S11.tif,0,0,0,1
C13_B145_S11.tif,0,0,0,1
C13_B141_S11.tif,0,0,0,1
C06_B116_S21.tif,0,0,0,1
C06_B115_S21.tif,0,0,0,1
C06_B111_S21.tif,0,0,0,1
C12_B132_S12.tif,0,0,0,1
C12_B131_S12.tif,0,0,0,1
C12_B130_S12.tif,0,0,0,1
C12_B129_S12.tif,0,0,0,1
C01_B239_S01.tif,0,0,0,1
C01_B203_S01.tif,0,0,0,1
C01_B295_S01.tif,0,0,0,1
C01_B353_S01.tif,0,0,0,1
C07_B052_S21.tif,0,0,0,1
C07_B069_S21.tif,0,0,0,1
C13_B161_S11.tif,0,0,1,0
C13_B160_S11.tif,0,0,1,0
C13_B159_S11.tif,0,0,1,0
C13_B157_S11.tif,0,0,1,0
C13_B155_S11.tif,0,0,1,0
C13_B151_S11.tif,0,0,1,0
C13_B149_S11.tif,0,0,1,0
C13_B147_S11.tif,0,0,1,0
C13_B144_S11.tif,0,0,1,0
C06_B114_S21.tif,0,0,1,0
C06_B112_S21.tif,0,0,1,0
C12_B141_S12.tif,0,0,1,0
C12_B139_S12.tif,0,0,1,0
C12_B127_S12.tif,0,0,1,0
C01_B300_S01.tif,0,0,1,0
C01_B253_S01.tif,0,0,1,0
C07_B011_S21.tif,0,0,1,0
C13_B158_S11.tif,0,1,0,0
C13_B154_S11.tif,0,1,0,0
C13_B153_S11.tif,0,1,0,0
C13_B146_S11.tif,0,1,0,0
C13_B142_S11.tif,0,1,0,0
C13_B140_S11.tif,0,1,0,0
C13_B138_S11.tif,0,1,0,0
C02_B007_S21.tif,0,1,0,0
C02_B006_S21.tif,0,1,0,0
C02_B004_S21.tif,0,1,0,0
C02_B003_S21.tif,0,1,0,0
C02_B002_S21.tif,0,1,0,0
C02_B001_S21.tif,0,1,0,0
C06_B117_S21.tif,0,1,0,0
C06_B113_S21.tif,0,1,0,0
C06_B107_S21.tif,0,1,0,0
C12_B128_S12.tif,0,1,0,0
C01_B345_S01.tif,0,1,0,0
C01_B261_S01.tif,0,1,0,0
C01_B232_S01.tif,0,1,0,0
C07_B021_S21.tif,0,1,0,0
C07_B043_S21.tif,0,1,0,0
C07_B089_S21.tif,0,1,0,0
C07_B094_S21.tif,0,1,0,0
C07_B104_S21.tif,0,1,0,0
C07_B074_S21.tif,0,1,0,0
C13_B150_S11.tif,1,0,0,0
C13_B143_S11.tif,1,0,0,0
C13_B139_S11.tif,1,0,0,0
C13_B137_S11.tif,1,0,0,0
C13_B136_S11.tif,1,0,0,0
C02_B008_S21.tif,1,0,0,0
C06_B109_S21.tif,1,0,0,0
C06_B106_S21.tif,1,0,0,0
C01_B321_S01.tif,1,0,0,0
C01_B293_S01.tif,1,0,0,0
C01_B304_S01.tif,1,0,0,0
C01_B309_S01.tif,1,0,0,0
C01_B242_S01.tif,1,0,0,0
C07_B111_S21.tif,1,0,0,0
C07_B032_S21.tif,1,0,0,0
C07_B107_S21.tif,1,0,0,0
C07_B024_S21.tif,1,0,0,0
C02_B074_S21.tif,0,0,0,1
C16_B018_S21.tif,0,0,0,1
C16_B017_S21.tif,0,0,0,1
C16_B016_S21.tif,0,0,0,1
C16_B004_S21.tif,0,0,0,1
C16_B002_S21.tif,0,0,0,1
C16_B001_S21.tif,0,0,0,1
C16_B007_S21.tif,0,0,1,0
C16_B003_S21.tif,0,0,1,0
C16_B005_S21.tif,0,1,0,0
C16_B006_S21.tif,1,0,0,0
C13_B097_S11.tif,0,0,0,1
C13_B095_S11.tif,0,0,0,1
C13_B093_S11.tif,0,0,0,1
C02_B073_S21.tif,0,0,0,1
C02_B063_S21.tif,0,0,0,1
C01_B352_S01.tif,0,0,0,1
C01_B363_S01.tif,0,0,0,1
C07_B050_S21.tif,0,0,0,1
C07_B054_S21.tif,0,0,0,1
C13_B100_S11.tif,0,0,1,0
C13_B099_S11.tif,0,0,1,0
C13_B094_S11.tif,0,0,1,0
C02_B062_S21.tif,0,0,1,0
C02_B056_S21.tif,0,0,1,0
C01_B204_S01.tif,0,0,1,0
C01_B291_S01.tif,0,0,1,0
C07_B018_S21.tif,0,0,1,0
C07_B063_S21.tif,0,0,1,0
C07_B019_S21.tif,0,0,1,0
C13_B101_S11.tif,0,1,0,0
C13_B096_S11.tif,0,1,0,0
C02_B054_S21.tif,0,0,1,0
C02_B053_S21.tif,0,1,0,0
C02_B052_S21.tif,0,1,0,0
C01_B327_S01.tif,0,1,0,0
C01_B311_S01.tif,0,0,1,0
C01_B231_S01.tif,0,1,0,0
C07_B022_S21.tif,0,1,0,0
C07_B103_S21.tif,0,1,0,0
C13_B090_S11.tif,1,0,0,0
C04_B043_S04.tif,1,0,0,0
C04_B042_S04.tif,1,0,0,0
C02_B060_S21.tif,1,0,0,0
C02_B051_S21.tif,1,0,0,0
C01_B248_S01.tif,1,0,0,0
C01_B247_S01.tif,1,0,0,0
C01_B214_S01.tif,1,0,0,0
C01_B162_S01.tif,1,0,0,0
C07_B114_S21.tif,1,0,0,0
C10_B041_S10.tif,0,0,1,0
C17_B116_S17.tif,0,0,0,1
C08_B031_S08.tif,0,0,0,1
C08_B030_S08.tif,0,0,0,1
C17_B119_S17.tif,0,0,1,0
C17_B113_S17.tif,0,0,0,1
C17_B120_S17.tif,0,1,0,0
C17_B118_S17.tif,0,1,0,0
C17_B115_S17.tif,0,1,0,0
C08_B014_S08.tif,0,1,0,0
C17_B112_S17.tif,1,0,0,0
C10_B047_S10.tif,0,0,0,1
C10_B046_S10.tif,0,0,0,1
C10_B045_S10.tif,0,0,0,1
C10_B044_S10.tif,0,0,0,1
C08_B005_S08.tif,0,0,1,0
C08_B004_S08.tif,0,0,1,0
C10_B040_S10.tif,0,0,1,0
C08_B002_S08.tif,0,1,0,0
C10_B043_S10.tif,0,1,0,0
C10_B042_S10.tif,0,1,0,0
C08_B003_S08.tif,1,0,0,0
C08_B001_S08.tif,0,1,0,0
C10_B039_S10.tif,1,0,0,0
C12_B530_S12.tif,0,0,0,1
C12_B525_S12.tif,0,0,0,1
C12_B516_S12.tif,0,0,0,1
C12_B514_S12.tif,0,0,0,1
C12_B513_S12.tif,0,0,0,1
C12_B512_S12.tif,0,0,0,1
C02_B298_S21.tif,0,0,1,0
C02_B296_S21.tif,0,0,1,0
C12_B529_S12.tif,0,0,1,0
C12_B528_S12.tif,0,0,1,0
C12_B522_S12.tif,0,0,1,0
C12_B519_S12.tif,0,0,1,0
C02_B300_S21.tif,0,1,0,0
C02_B299_S21.tif,0,1,0,0
C12_B527_S12.tif,0,1,0,0
C12_B524_S12.tif,0,1,0,0
C12_B523_S12.tif,0,1,0,0
C12_B517_S12.tif,0,1,0,0
C12_B511_S12.tif,0,1,0,0
C10_B032_S10.tif,1,0,0,0
C12_B526_S12.tif,1,0,0,0
C12_B521_S12.tif,1,0,0,0
C12_B518_S12.tif,1,0,0,0
C12_B510_S12.tif,1,0,0,0
C12_B509_S12.tif,1,0,0,0
C14_B029_S11.tif,0,0,0,1
C14_B028_S11.tif,0,0,0,1
C14_B027_S11.tif,0,0,0,1
C05_B012_S11.tif,0,0,0,1
C05_B011_S11.tif,0,0,0,1
C17_B030_S17.tif,0,0,0,1
C17_B027_S17.tif,0,0,0,1
C17_B021_S17.tif,0,0,0,1
C19_B037_S21.tif,0,0,0,1
C19_B036_S21.tif,0,0,0,1
C19_B022_S21.tif,0,0,0,1
C19_B021_S21.tif,0,0,0,1
C19_B020_S21.tif,0,0,0,1
C13_B324_S11.tif,0,0,0,1
C13_B317_S11.tif,0,0,0,1
C07_B067_S21.tif,0,0,0,1
C14_B024_S11.tif,0,0,0,1
C14_B022_S11.tif,0,0,1,0
C17_B026_S17.tif,0,0,1,0
C19_B017_S21.tif,0,0,0,1
C19_B015_S21.tif,0,0,1,0
C19_B007_S21.tif,0,0,1,0
C13_B319_S11.tif,0,0,1,0
C13_B318_S11.tif,0,0,1,0
C13_B302_S11.tif,0,0,1,0
C13_B301_S11.tif,0,0,1,0
C02_B280_S21.tif,0,0,1,0
C07_B013_S21.tif,0,0,1,0
C17_B028_S17.tif,0,1,0,0
C17_B025_S17.tif,0,1,0,0
C19_B028_S21.tif,0,1,0,0
C19_B027_S21.tif,0,1,0,0
C19_B026_S21.tif,0,1,0,0
C19_B008_S21.tif,0,1,0,0
C19_B013_S21.tif,0,1,0,0
C19_B012_S21.tif,0,1,0,0
C19_B011_S21.tif,0,1,0,0
C19_B010_S21.tif,0,1,0,0
C13_B299_S11.tif,0,1,0,0
C02_B292_S21.tif,0,1,0,0
C07_B016_S21.tif,0,1,0,0
C14_B040_S11.tif,1,0,0,0
C14_B037_S11.tif,1,0,0,0
C14_B033_S11.tif,1,0,0,0
C14_B034_S11.tif,1,0,0,0
C14_B031_S11.tif,1,0,0,0
C14_B030_S11.tif,1,0,0,0
C17_B023_S17.tif,1,0,0,0
C19_B025_S21.tif,1,0,0,0
C19_B024_S21.tif,1,0,0,0
C14_B081_S11.tif,0,0,1,0
C04_B023_S04.tif,1,0,0,0
C17_B055_S17.tif,0,0,0,1
C13_B021_S11.tif,0,0,0,1
C02_B175_S21.tif,0,0,0,1
C12_B110_S12.tif,0,0,0,1
C12_B108_S12.tif,0,0,0,1
C14_B090_S11.tif,0,0,1,0
C14_B086_S11.tif,0,0,1,0
C14_B084_S11.tif,0,0,1,0
C17_B058_S17.tif,0,0,1,0
C13_B006_S11.tif,0,0,1,0
C13_B005_S11.tif,0,0,1,0
C02_B186_S21.tif,0,0,1,0
C14_B087_S11.tif,0,1,0,0
C14_B085_S11.tif,0,1,0,0
C05_B047_S11.tif,0,1,0,0
C13_B008_S11.tif,0,0,1,0
C13_B002_S11.tif,0,1,0,0
C04_B026_S04.tif,0,1,0,0
C04_B022_S04.tif,0,1,0,0
C02_B220_S21.tif,0,1,0,0
C02_B199_S21.tif,0,1,0,0
C02_B187_S21.tif,0,1,0,0
C02_B185_S21.tif,0,1,0,0
C14_B121_S11.tif,1,0,0,0
C14_B115_S11.tif,0,0,1,0
C14_B114_S11.tif,1,0,0,0
C14_B113_S11.tif,1,0,0,0
C14_B100_S11.tif,1,0,0,0
C14_B099_S11.tif,1,0,0,0
C05_B045_S11.tif,1,0,0,0
C05_B044_S11.tif,1,0,0,0
C05_B041_S11.tif,1,0,0,0
C05_B051_S11.tif,0,1,0,0
C17_B060_S17.tif,1,0,0,0
C17_B056_S17.tif,1,0,0,0
C17_B053_S17.tif,1,0,0,0
C17_B052_S17.tif,0,1,0,0
C17_B051_S17.tif,1,0,0,0
C10_B030_S10.tif,1,0,0,0
C10_B029_S10.tif,0,1,0,0
C10_B027_S10.tif,1,0,0,0
C04_B024_S04.tif,1,0,0,0
C04_B025_S04.tif,1,0,0,0
C02_B223_S21.tif,1,0,0,0
C02_B221_S21.tif,1,0,0,0
C02_B219_S21.tif,1,0,0,0
C02_B198_S21.tif,1,0,0,0
C02_B197_S21.tif,1,0,0,0
C13_B079_S11.tif,0,0,0,1
C12_B096_S12.tif,0,0,0,1
C16_B092_S21.tif,0,0,1,0
C13_B082_S11.tif,0,0,1,0
C12_B091_S12.tif,0,0,1,0
C12_B088_S12.tif,0,0,1,0
C02_B107_S21.tif,0,0,1,0
C02_B104_S21.tif,0,0,1,0
C16_B094_S21.tif,0,1,0,0
C13_B085_S11.tif,0,1,0,0
C13_B083_S11.tif,0,1,0,0
C13_B080_S11.tif,0,1,0,0
C13_B078_S11.tif,0,1,0,0
C13_B077_S11.tif,0,1,0,0
C02_B086_S21.tif,0,1,0,0
C02_B085_S21.tif,1,0,0,0
C02_B084_S21.tif,0,1,0,0
C02_B081_S21.tif,0,0,1,0
C12_B094_S12.tif,0,1,0,0
C13_B089_S11.tif,1,0,0,0
C13_B088_S11.tif,1,0,0,0
C13_B087_S11.tif,1,0,0,0
C13_B075_S11.tif,1,0,0,0
C13_B072_S11.tif,1,0,0,0
C04_B038_S04.tif,1,0,0,0
C02_B080_S21.tif,0,0,1,0
C01_B043_S01.tif,1,0,0,0
C01_B029_S01.tif,1,0,0,0
C01_B103_S01.tif,1,0,0,0
C01_B044_S01.tif,0,1,0,0
C01_B054_S01.tif,0,1,0,0
C01_B050_S01.tif,0,1,0,0
C01_B008_S01.tif,1,0,0,0
C01_B123_S01.tif,1,0,0,0
C01_B003_S01.tif,0,1,0,0
C01_B108_S01.tif,1,0,0,0
C01_B113_S01.tif,0,0,1,0
C07_B025_S21.tif,1,0,0,0
C07_B046_S21.tif,1,0,0,0
C07_B113_S21.tif,0,0,0,1
C07_B007_S21.tif,1,0,0,0
C07_B020_S21.tif,0,0,1,0
C07_B010_S21.tif,0,0,1,0
C07_B031_S21.tif,1,0,0,0
C07_B009_S21.tif,1,0,0,0
C07_B056_S21.tif,0,0,0,1
C07_B086_S21.tif,1,0,0,0
C07_B110_S21.tif,1,0,0,0
C12_B179_S12.tif,0,0,0,1
C12_B178_S12.tif,0,0,0,1
C12_B177_S12.tif,0,0,0,1
C12_B176_S12.tif,0,0,0,1
C12_B175_S12.tif,0,0,0,1
C12_B173_S12.tif,0,0,0,1
C01_B282_S01.tif,0,0,0,1
C01_B267_S01.tif,0,0,0,1
C01_B372_S01.tif,0,0,0,1
C07_B053_S21.tif,0,0,0,1
C06_B029_S21.tif,0,0,1,0
C06_B027_S21.tif,0,0,1,0
C06_B025_S21.tif,0,0,1,0
C06_B024_S21.tif,0,0,1,0
C06_B023_S21.tif,0,0,1,0
C06_B020_S21.tif,0,0,1,0
C06_B018_S21.tif,0,0,1,0
C06_B017_S21.tif,0,0,1,0
C01_B264_S01.tif,0,0,1,0
C01_B366_S01.tif,0,0,1,0
C01_B368_S01.tif,0,0,1,0
C01_B237_S01.tif,0,0,1,0
C01_B080_S01.tif,0,0,1,0
C01_B351_S01.tif,0,1,0,0
C01_B270_S01.tif,0,0,1,0
C01_B211_S01.tif,0,0,1,0
C01_B349_S01.tif,0,0,1,0
C07_B017_S21.tif,0,0,1,0
C07_B004_S21.tif,0,0,1,0
C01_B325_S01.tif,0,1,0,0
C01_B342_S01.tif,0,1,0,0
C01_B189_S01.tif,0,1,0,0
C01_B245_S01.tif,0,1,0,0
C01_B347_S01.tif,0,1,0,0
C01_B206_S01.tif,0,1,0,0
C01_B271_S01.tif,0,1,0,0
C07_B038_S21.tif,0,1,0,0
C07_B015_S21.tif,0,1,0,0
C07_B026_S21.tif,0,1,0,0
C07_B045_S21.tif,0,1,0,0
C01_B286_S01.tif,1,0,0,0
C01_B265_S01.tif,1,0,0,0
C01_B290_S01.tif,1,0,0,0
C01_B332_S01.tif,1,0,0,0
C01_B205_S01.tif,1,0,0,0
C07_B048_S21.tif,0,1,0,0
C07_B109_S21.tif,1,0,0,0
C06_B008_S21.tif,0,0,0,1
C06_B006_S21.tif,0,0,0,1
C12_B604_S12.tif,0,0,0,1
C12_B601_S12.tif,0,0,0,1
C12_B598_S12.tif,0,0,0,1
C12_B597_S12.tif,0,0,0,1
C12_B595_S12.tif,0,0,0,1
C12_B593_S12.tif,0,0,0,1
C12_B201_S12.tif,0,0,0,1
C12_B200_S12.tif,0,0,0,1
C12_B197_S12.tif,0,0,0,1
C12_B196_S12.tif,0,0,0,1
C12_B195_S12.tif,0,0,0,1
C12_B194_S12.tif,0,0,0,1
C12_B193_S12.tif,0,0,0,1
C12_B192_S12.tif,0,0,0,1
C12_B191_S12.tif,0,0,0,1
C12_B190_S12.tif,0,0,0,1
C12_B188_S12.tif,0,0,0,1
C01_B374_S01.tif,0,0,0,1
C01_B316_S01.tif,0,0,0,1
C01_B256_S01.tif,0,0,0,1
C06_B007_S21.tif,0,0,1,0
C06_B005_S21.tif,0,0,1,0
C06_B003_S21.tif,0,0,1,0
C12_B605_S12.tif,0,0,1,0
C12_B199_S12.tif,0,0,1,0
C12_B198_S12.tif,0,0,1,0
C01_B238_S01.tif,0,0,1,0
C01_B257_S01.tif,0,0,1,0
C01_B207_S01.tif,0,0,1,0
C01_B259_S01.tif,0,0,1,0
C01_B292_S01.tif,0,0,1,0
C11_B113_S11.tif,0,0,1,0
C11_B145_S11.tif,0,0,1,0
C11_B126_S11.tif,0,0,1,0
C06_B004_S21.tif,0,1,0,0
C06_B002_S21.tif,0,1,0,0
C12_B599_S12.tif,0,1,0,0
C12_B596_S12.tif,0,1,0,0
C12_B594_S12.tif,0,1,0,0
C12_B592_S12.tif,0,1,0,0
C12_B202_S12.tif,0,1,0,0
C01_B027_S01.tif,0,1,0,0
C01_B269_S01.tif,0,1,0,0
C01_B335_S01.tif,0,0,1,0
C01_B241_S01.tif,0,1,0,0
C01_B350_S01.tif,0,1,0,0
C06_B001_S21.tif,1,0,0,0
C12_B603_S12.tif,1,0,0,0
C12_B602_S12.tif,1,0,0,0
C01_B308_S01.tif,1,0,0,0
C01_B212_S01.tif,1,0,0,0
C01_B294_S01.tif,1,0,0,0
C01_B229_S01.tif,1,0,0,0
C01_B260_S01.tif,1,0,0,0
C01_B226_S01.tif,1,0,0,0
C11_B017_S11.tif,0,0,0,1
C11_B013_S11.tif,0,0,0,1
C11_B010_S11.tif,0,0,0,1
C11_B033_S11.tif,0,0,1,0
C11_B037_S11.tif,1,0,0,0
C11_B041_S11.tif,0,0,1,0
C11_B103_S11.tif,0,0,1,0
C11_B036_S11.tif,1,0,0,0
C06_B065_S21.tif,0,0,0,1
C06_B064_S21.tif,0,0,0,1
C06_B060_S21.tif,0,0,0,1
C06_B055_S21.tif,0,0,0,1
C06_B047_S21.tif,0,0,0,1
C06_B068_S21.tif,0,0,1,0
C06_B063_S21.tif,0,0,1,0
C06_B061_S21.tif,0,0,1,0
C06_B058_S21.tif,0,0,1,0
C06_B050_S21.tif,0,0,1,0
C06_B049_S21.tif,0,0,1,0
C06_B048_S21.tif,0,0,1,0
C06_B046_S21.tif,0,0,1,0
C06_B067_S21.tif,0,1,0,0
C06_B066_S21.tif,1,0,0,0
C06_B059_S21.tif,0,1,0,0
C06_B057_S21.tif,0,1,0,0
C06_B054_S21.tif,0,1,0,0
C06_B053_S21.tif,0,1,0,0
C06_B052_S21.tif,0,1,0,0
C06_B051_S21.tif,0,1,0,0
C06_B056_S21.tif,1,0,0,0
C12_B172_S12.tif,0,0,0,1
C12_B167_S12.tif,0,0,0,1
C12_B164_S12.tif,0,0,0,1
C12_B163_S12.tif,0,0,0,1
C12_B161_S12.tif,0,0,0,1
C12_B160_S12.tif,0,0,0,1
C12_B158_S12.tif,0,0,0,1
C01_B373_S01.tif,0,0,0,1
C01_B317_S01.tif,0,0,0,1
C01_B221_S01.tif,0,0,0,1
C12_B171_S12.tif,0,0,1,0
C12_B170_S12.tif,0,0,1,0
C12_B169_S12.tif,0,0,1,0
C12_B168_S12.tif,0,0,1,0
C12_B166_S12.tif,0,0,1,0
C12_B162_S12.tif,0,0,1,0
C12_B159_S12.tif,0,0,1,0
C01_B274_S01.tif,0,0,1,0
C01_B354_S01.tif,0,0,1,0
C01_B193_S01.tif,0,0,1,0
C01_B279_S01.tif,0,0,1,0
C01_B334_S01.tif,0,0,1,0
C01_B165_S01.tif,0,0,1,0
C01_B365_S01.tif,0,1,0,0
C01_B254_S01.tif,0,1,0,0
C01_B284_S01.tif,0,1,0,0
C01_B227_S01.tif,0,1,0,0
C01_B109_S01.tif,0,1,0,0
C07_B023_S21.tif,0,1,0,0
C07_B078_S21.tif,0,1,0,0
C07_B057_S21.tif,0,1,0,0
C07_B008_S21.tif,0,1,0,0
C07_B081_S21.tif,0,1,0,0
C07_B084_S21.tif,0,0,1,0
C01_B285_S01.tif,1,0,0,0
C01_B202_S01.tif,1,0,0,0
C01_B210_S01.tif,1,0,0,0
C01_B263_S01.tif,1,0,0,0
C01_B228_S01.tif,1,0,0,0
C01_B213_S01.tif,1,0,0,0
C01_B369_S01.tif,1,0,0,0
C07_B087_S21.tif,1,0,0,0
C07_B098_S21.tif,1,0,0,0
C07_B029_S21.tif,1,0,0,0
C07_B096_S21.tif,1,0,0,0
C07_B108_S21.tif,1,0,0,0
C20_B010_S20_pyr.tif,0,1,0,0
C20_B009_S20_pyr.tif,0,0,0,1
C20_B007_S20_pyr.tif,1,0,0,0
C20_B006_S20_pyr.tif,1,0,0,0
C20_B005_S20_pyr.tif,0,1,0,0
C20_B004_S20_pyr.tif,0,1,0,0
C20_B003_S20_pyr.tif,0,1,0,0
C20_B002_S20_pyr.tif,1,0,0,0
C20_B001_S20_pyr.tif,0,1,0,0
C12_B356_S12.tif,0,0,0,1
C12_B353_S12.tif,0,0,0,1
C12_B301_S12.tif,0,0,0,1
C12_B298_S12.tif,0,0,0,1
C11_B058_S11.tif,0,0,0,1
C11_B074_S11.tif,0,0,0,1
C11_B002_S11.tif,0,0,0,1
C11_B029_S11.tif,0,0,0,1
C12_B371_S12.tif,0,0,1,0
C12_B364_S12.tif,0,0,1,0
C12_B355_S12.tif,0,0,1,0
C11_B147_S11.tif,0,0,1,0
C11_B148_S11.tif,0,0,1,0
C12_B366_S12.tif,0,1,0,0
C12_B365_S12.tif,0,1,0,0
C12_B362_S12.tif,0,1,0,0
C12_B360_S12.tif,0,1,0,0
C12_B358_S12.tif,0,1,0,0
C12_B354_S12.tif,0,1,0,0
C12_B306_S12.tif,0,1,0,0
C12_B305_S12.tif,0,1,0,0
C12_B304_S12.tif,0,1,0,0
C12_B299_S12.tif,0,1,0,0
C12_B296_S12.tif,0,1,0,0
C12_B295_S12.tif,0,0,1,0
C12_B293_S12.tif,0,1,0,0
C11_B072_S11.tif,0,1,0,0
C11_B087_S11.tif,0,1,0,0
C11_B057_S11.tif,0,1,0,0
C11_B025_S11.tif,0,1,0,0
C12_B359_S12.tif,1,0,0,0
C12_B303_S12.tif,1,0,0,0
C12_B302_S12.tif,0,1,0,0
C12_B297_S12.tif,1,0,0,0
C11_B114_S11.tif,1,0,0,0
C11_B128_S11.tif,1,0,0,0
C11_B109_S11.tif,1,0,0,0
C11_B053_S11.tif,1,0,0,0
C11_B032_S11.tif,1,0,0,0
C11_B026_S11.tif,1,0,0,0
C16_B090_S21.tif,0,1,0,0
C16_B088_S21.tif,0,1,0,0
C16_B087_S21.tif,0,1,0,0
C16_B085_S21.tif,0,1,0,0
C16_B086_S21.tif,0,0,1,0
C16_B078_S21.tif,0,0,1,0
C05_B100_S11.tif,0,0,1,0
C05_B086_S11.tif,1,0,0,0
C05_B085_S11.tif,0,1,0,0
C04_B021_S04.tif,0,1,0,0
C12_B328_S12.tif,0,0,0,1
C12_B325_S12.tif,0,0,0,1
C12_B036_S12.tif,0,0,0,1
C12_B008_S12.tif,0,0,0,1
C12_B034_S12.tif,0,0,0,1
C12_B035_S12.tif,0,0,1,0
C12_B033_S12.tif,0,0,1,0
C12_B027_S12.tif,0,0,1,0
C12_B025_S12.tif,0,0,1,0
C12_B011_S12.tif,0,0,1,0
C12_B010_S12.tif,0,0,1,0
C12_B017_S12.tif,0,1,0,0
C12_B016_S12.tif,0,1,0,0
C12_B015_S12.tif,0,1,0,0
C12_B014_S12.tif,0,1,0,0
C12_B013_S12.tif,0,1,0,0
C12_B012_S12.tif,0,1,0,0
C12_B009_S12.tif,0,1,0,0
C11_B008_S11.tif,0,1,0,0
C12_B337_S12.tif,1,0,0,0
C12_B336_S12.tif,1,0,0,0
C12_B028_S12.tif,1,0,0,0
C11_B005_S11.tif,1,0,0,0
C11_B111_S11.tif,1,0,0,0
C11_B049_S11.tif,1,0,0,0
C11_B069_S11.tif,1,0,0,0
C11_B019_S11.tif,1,0,0,0
C11_B134_S11.tif,0,0,0,1
C11_B144_S11.tif,0,0,0,1
C11_B122_S11.tif,0,0,0,1
C11_B131_S11.tif,0,0,1,0
C11_B082_S11.tif,0,0,1,0
C11_B062_S11.tif,0,1,0,0
C11_B130_S11.tif,0,1,0,0
C11_B085_S11.tif,0,1,0,0
C11_B044_S11.tif,1,0,0,0
C11_B022_S11.tif,1,0,0,0
C11_B132_S11.tif,1,0,0,0
C17_B067_S17.tif,0,0,0,1
C17_B066_S17.tif,0,0,0,1
C17_B064_S17.tif,0,0,0,1
C09_B062_S09.tif,0,0,0,1
C09_B049_S09.tif,0,0,0,1
C09_B045_S09.tif,0,0,0,1
C13_B434_S11.tif,0,0,0,1
C13_B419_S11.tif,0,0,0,1
C04_B003_S04.tif,0,0,0,1
C04_B002_S04.tif,0,0,0,1
C12_B340_S12.tif,0,0,0,1
C17_B088_S17.tif,0,0,0,1
C13_B414_S11.tif,0,0,1,0
C02_B216_S21.tif,0,0,1,0
C02_B208_S21.tif,0,0,1,0
C02_B206_S21.tif,0,0,1,0
C02_B205_S21.tif,0,0,1,0
C12_B350_S12.tif,0,0,1,0
C17_B082_S17.tif,0,1,0,0
C17_B081_S17.tif,0,1,0,0
C17_B074_S17.tif,0,1,0,0
C17_B078_S17.tif,0,1,0,0
C13_B417_S11.tif,1,0,0,0
C13_B413_S11.tif,0,1,0,0
C13_B410_S11.tif,0,1,0,0
C02_B214_S21.tif,0,1,0,0
C02_B210_S21.tif,0,0,1,0
C02_B209_S21.tif,0,1,0,0
C12_B342_S12.tif,0,1,0,0
C12_B338_S12.tif,1,0,0,0
C13_B411_S11.tif,1,0,0,0
C12_B343_S12.tif,1,0,0,0
C11_B052_S11.tif,0,0,0,1
C11_B140_S11.tif,0,0,0,1
C11_B097_S11.tif,0,0,0,1
C11_B133_S11.tif,0,0,1,0
C11_B070_S11.tif,0,0,1,0
C11_B063_S11.tif,0,1,0,0
C11_B027_S11.tif,1,0,0,0
C11_B061_S11.tif,1,0,0,0
C11_B086_S11.tif,0,1,0,0
C11_B011_S11.tif,1,0,0,0
C11_B095_S11.tif,1,0,0,0
C11_B035_S11.tif,1,0,0,0
C11_B078_S11.tif,0,0,1,0
C11_B059_S11.tif,0,1,0,0
C11_B020_S11.tif,0,0,0,1
C11_B107_S11.tif,0,1,0,0
C11_B066_S11.tif,1,0,0,0
C11_B055_S11.tif,0,0,1,0
C13_B171_S11.tif,0,0,0,1
C13_B168_S11.tif,0,0,0,1
C06_B085_S21.tif,0,0,0,1
C06_B076_S21.tif,0,0,0,1
C12_B153_S12.tif,0,0,0,1
C12_B149_S12.tif,0,0,0,1
C12_B145_S12.tif,0,0,0,1
C13_B184_S11.tif,0,0,1,0
C13_B177_S11.tif,0,0,1,0
C02_B257_S21.tif,0,0,1,0
C06_B105_S21.tif,0,0,1,0
C06_B100_S21.tif,0,0,1,0
C13_B179_S11.tif,0,0,0,1
C13_B176_S11.tif,0,1,0,0
C13_B175_S11.tif,0,1,0,0
C13_B170_S11.tif,0,0,1,0
C13_B166_S11.tif,0,0,1,0
C13_B164_S11.tif,0,1,0,0
C02_B256_S21.tif,0,1,0,0
C06_B093_S21.tif,0,1,0,0
C06_B080_S21.tif,0,0,1,0
C12_B154_S12.tif,0,1,0,0
C12_B151_S12.tif,0,0,1,0
C13_B182_S11.tif,1,0,0,0
C13_B178_S11.tif,1,0,0,0
C13_B169_S11.tif,1,0,0,0
C13_B167_S11.tif,1,0,0,0
C02_B255_S21.tif,1,0,0,0
C02_B254_S21.tif,1,0,0,0
C06_B092_S21.tif,1,0,0,0
C06_B087_S21.tif,1,0,0,0
C06_B084_S21.tif,1,0,0,0
C01_B266_S01.tif,0,0,0,1
C01_B220_S01.tif,0,0,0,1
C01_B078_S01.tif,0,0,1,0
C01_B310_S01.tif,0,0,1,0
C01_B217_S01.tif,1,0,0,0
C01_B326_S01.tif,1,0,0,0
C07_B044_S21.tif,0,0,1,0
C07_B003_S21.tif,0,0,1,0
C07_B095_S21.tif,0,1,0,0
C07_B075_S21.tif,0,1,0,0
C07_B090_S21.tif,0,1,0,0
C07_B002_S21.tif,0,1,0,0
C07_B005_S21.tif,0,1,0,0
C07_B099_S21.tif,0,1,0,0
C07_B027_S21.tif,0,1,0,0
C07_B039_S21.tif,1,0,0,0
C05_B104_S11.tif,0,1,0,0
C05_B103_S11.tif,0,0,0,1
C05_B102_S11.tif,0,0,0,1
C04_B016_S04.tif,0,0,0,1
C04_B015_S04.tif,0,0,0,1
C12_B402_S12.tif,0,0,1,0
C12_B404_S12.tif,0,0,1,0
C17_B018_S17.tif,0,1,0,0
C17_B014_S17.tif,0,1,0,0
C17_B013_S17.tif,0,1,0,0
C17_B009_S17.tif,0,1,0,0
C17_B008_S17.tif,0,1,0,0
C17_B007_S17.tif,0,1,0,0
C12_B403_S12.tif,0,1,0,0
C12_B406_S12.tif,0,1,0,0
C12_B410_S12.tif,0,1,0,0
C12_B401_S12.tif,0,0,1,0
C12_B409_S12.tif,0,1,0,0
C12_B398_S12.tif,0,1,0,0
C12_B397_S12.tif,0,1,0,0
C12_B395_S12.tif,0,1,0,0
C12_B394_S12.tif,0,1,0,0
C12_B392_S12.tif,0,1,0,0
C12_B385_S12.tif,0,1,0,0
C12_B382_S12.tif,0,1,0,0
C17_B100_S17.tif,1,0,0,0
C17_B095_S17.tif,1,0,0,0
C17_B017_S17.tif,1,0,0,0
C12_B408_S12.tif,1,0,0,0
C12_B400_S12.tif,1,0,0,0
C12_B399_S12.tif,1,0,0,0
C12_B393_S12.tif,1,0,0,0
C12_B390_S12.tif,1,0,0,0
C11_B024_S11.tif,0,0,0,1
C11_B091_S11.tif,1,0,0,0
C11_B042_S11.tif,0,0,1,0
C11_B100_S11.tif,0,1,0,0
C11_B099_S11.tif,0,0,0,1
C11_B112_S11.tif,0,1,0,0
C11_B121_S11.tif,1,0,0,0
C11_B050_S11.tif,0,0,0,1
C11_B123_S11.tif,0,1,0,0
C11_B068_S11.tif,1,0,0,0
C11_B028_S11.tif,0,0,0,1
C11_B076_S11.tif,0,1,0,0
C11_B138_S11.tif,0,0,0,1
C11_B125_S11.tif,0,0,1,0
C12_B212_S12.tif,0,0,0,1
C12_B211_S12.tif,0,0,0,1
C12_B208_S12.tif,0,0,0,1
C12_B207_S12.tif,0,0,0,1
C12_B206_S12.tif,0,0,0,1
C12_B205_S12.tif,0,0,0,1
C12_B204_S12.tif,0,0,0,1
C12_B203_S12.tif,0,0,0,1
C01_B375_S01.tif,0,0,0,1
C02_B277_S21.tif,0,0,1,0
C02_B276_S21.tif,0,0,1,0
C02_B275_S21.tif,0,0,1,0
C12_B577_S12.tif,0,0,1,0
C12_B568_S12.tif,0,0,1,0
C01_B362_S01.tif,0,0,1,0
C01_B250_S01.tif,0,0,1,0
C13_B290_S11.tif,0,1,0,0
C13_B289_S11.tif,0,1,0,0
C13_B282_S11.tif,0,1,0,0
C13_B280_S11.tif,0,1,0,0
C13_B277_S11.tif,0,1,0,0
C13_B275_S11.tif,0,1,0,0
C13_B273_S11.tif,0,1,0,0
C12_B564_S12.tif,0,1,0,0
C12_B563_S12.tif,0,1,0,0
C12_B562_S12.tif,0,1,0,0
C12_B561_S12.tif,0,1,0,0
C12_B215_S12.tif,0,1,0,0
C12_B209_S12.tif,0,1,0,0
C01_B315_S01.tif,0,1,0,0
C01_B200_S01.tif,0,1,0,0
C13_B296_S11.tif,1,0,0,0
C13_B295_S11.tif,1,0,0,0
C13_B294_S11.tif,1,0,0,0
C13_B288_S11.tif,1,0,0,0
C12_B571_S12.tif,1,0,0,0
C12_B570_S12.tif,1,0,0,0
C12_B566_S12.tif,1,0,0,0
C01_B272_S01.tif,1,0,0,0
C01_B255_S01.tif,1,0,0,0
C11_B105_S11.tif,1,0,0,0
C11_B073_S11.tif,1,0,0,0
C11_B089_S11.tif,0,1,0,0
C11_C049_S11.tif,0,0,1,0
C11_B023_S11.tif,1,0,0,0
C11_B034_S11.tif,0,1,0,0
C11_B127_S11.tif,0,1,0,0
C11_C015_S11.tif,0,0,1,0
C11_C025_S11.tif,0,0,0,1
C11_B080_S11.tif,1,0,0,0
C12_B267_S12.tif,0,1,0,0
C12_B264_S12.tif,0,1,0,0
C12_B266_S12.tif,1,0,0,0
C12_B265_S12.tif,1,0,0,0
C11_B141_S11.tif,0,0,0,1
C11_B038_S11.tif,0,0,0,1
C11_B071_S11.tif,0,0,0,1
C01_B249_S01.tif,0,1,0,0
C11_B084_S11.tif,0,0,0,1
C11_B079_S11.tif,0,0,1,0
C11_B104_S11.tif,0,1,0,0
C11_B014_S11.tif,0,1,0,0
C11_B101_S11.tif,0,1,0,0
C11_B015_S11.tif,1,0,0,0
C11_B075_S11.tif,1,0,0,0
C11_B064_S11.tif,1,0,0,0
C05_B023_S11.tif,1,0,0,0
C05_B031_S11.tif,0,0,0,1
C10_B061_S10.tif,0,0,0,1
C13_B062_S11.tif,0,0,0,1
C04_B036_S04.tif,0,0,0,1
C10_B067_S10.tif,0,0,1,0
C10_B066_S10.tif,0,0,1,0
C10_B065_S10.tif,0,0,1,0
C10_B064_S10.tif,0,0,1,0
C13_B066_S11.tif,0,0,1,0
C13_B063_S11.tif,0,0,1,0
C04_B033_S04.tif,0,0,1,0
C04_B032_S04.tif,0,0,1,0
C02_B233_S21.tif,0,0,1,0
C12_B069_S12.tif,0,0,1,0
C07_B105_S21.tif,0,0,1,0
C05_B038_S11.tif,0,1,0,0
C10_B073_S10.tif,0,1,0,0
C13_B055_S11.tif,0,1,0,0
C13_B056_S11.tif,0,1,0,0
C13_B054_S11.tif,0,1,0,0
C13_B051_S11.tif,0,1,0,0
C13_B046_S11.tif,0,1,0,0
C02_B139_S21.tif,0,1,0,0
C02_B121_S21.tif,0,1,0,0
C02_B120_S21.tif,0,1,0,0
C02_B113_S21.tif,0,1,0,0
C02_B112_S21.tif,0,1,0,0
C13_B050_S11.tif,1,0,0,0
C03_B009_S03.tif,1,0,0,0
C03_B008_S03.tif,1,0,0,0
C03_B007_S03.tif,1,0,0,0
C03_B006_S03.tif,1,0,0,0
C03_B005_S03.tif,1,0,0,0
C03_B004_S03.tif,1,0,0,0
C03_B002_S03.tif,1,0,0,0
C03_B001_S03.tif,1,0,0,0
C05_B030_S11.tif,1,0,0,0
C05_B026_S11.tif,1,0,0,0
C05_B025_S11.tif,1,0,0,0
C02_B126_S21.tif,1,0,0,0
C02_B125_S21.tif,1,0,0,0
C02_B124_S21.tif,1,0,0,0
C02_B123_S21.tif,1,0,0,0
C02_B122_S21.tif,1,0,0,0
C12_B073_S12.tif,1,0,0,0
C12_B072_S12.tif,1,0,0,0
C12_B071_S12.tif,1,0,0,0
C12_B068_S12.tif,1,0,0,0
C12_B067_S12.tif,1,0,0,0
C10_B003_S10.tif,1,0,0,0
C13_B039_S11.tif,0,0,0,1
C13_B029_S11.tif,0,0,1,0
C04_B031_S04.tif,0,0,0,1
C02_B161_S21.tif,0,0,0,1
C12_B057_S12.tif,0,0,0,1
C16_B104_S21.tif,0,0,1,0
C16_B101_S21.tif,0,0,1,0
C05_B070_S11.tif,0,0,1,0
C13_B023_S11.tif,0,0,1,0
C04_B030_S04.tif,0,0,1,0
C02_B165_S21.tif,0,0,1,0
C02_B143_S21.tif,0,0,1,0
C12_B063_S12.tif,0,0,1,0
C16_B105_S21.tif,0,1,0,0
C16_B102_S21.tif,0,1,0,0
C05_B074_S11.tif,0,1,0,0
C05_B073_S11.tif,0,1,0,0
C05_B072_S11.tif,0,1,0,0
C05_B071_S11.tif,0,1,0,0
C10_B006_S10.tif,0,1,0,0
C10_B002_S10.tif,1,0,0,0
C13_B041_S11.tif,0,1,0,0
C13_B038_S11.tif,0,1,0,0
C13_B036_S11.tif,0,1,0,0
C02_B144_S21.tif,0,1,0,0
C02_B140_S21.tif,0,1,0,0
C12_B058_S12.tif,0,1,0,0
C05_B065_S11.tif,1,0,0,0
C05_B063_S11.tif,1,0,0,0
C05_B064_S11.tif,1,0,0,0
C05_B061_S11.tif,1,0,0,0
C05_B059_S11.tif,1,0,0,0
C05_B052_S11.tif,1,0,0,0
C05_B053_S11.tif,1,0,0,0
C10_B005_S10.tif,1,0,0,0
C10_B004_S10.tif,1,0,0,0
C13_B035_S11.tif,1,0,0,0
C13_B034_S11.tif,1,0,0,0
C13_B031_S11.tif,1,0,0,0
C13_B027_S11.tif,1,0,0,0
C13_B026_S11.tif,1,0,0,0
C13_B024_S11.tif,1,0,0,0
C04_B027_S04.tif,1,0,0,0
C02_B150_S21.tif,1,0,0,0
C02_B149_S21.tif,1,0,0,0
C02_B147_S21.tif,1,0,0,0
C12_B060_S12.tif,1,0,0,0
C12_B059_S12.tif,1,0,0,0
C12_B052_S12.tif,1,0,0,0
C09_B026_S09.tif,0,0,0,1
C09_B023_S09.tif,0,0,0,1
C09_B021_S09.tif,0,1,0,0
C09_B020_S09.tif,0,0,0,1
C09_B019_S09.tif,0,0,0,1
C09_B017_S09.tif,0,0,0,1
C17_B042_S17.tif,0,0,0,1
C17_B038_S17.tif,0,0,0,1
C19_B038_S21.tif,0,0,0,1
C13_B367_S11.tif,0,0,0,1
C13_B360_S11.tif,0,0,0,1
C13_B358_S11.tif,0,0,0,1
C09_B014_S09.tif,0,0,1,0
C09_B013_S09.tif,0,0,1,0
C09_B009_S09.tif,0,0,1,0
C17_B034_S17.tif,0,0,1,0
C17_B032_S17.tif,0,0,1,0
C17_B031_S17.tif,0,0,1,0
C19_B043_S21.tif,0,0,1,0
C19_B042_S21.tif,0,0,1,0
C19_B041_S21.tif,0,0,1,0
C19_B040_S21.tif,0,0,1,0
C13_B365_S11.tif,1,0,0,0
C13_B364_S11.tif,0,0,1,0
C13_B356_S11.tif,0,0,1,0
C09_B025_S09.tif,0,1,0,0
C17_B045_S17.tif,1,0,0,0
C17_B039_S17.tif,0,1,0,0
C17_B033_S17.tif,0,1,0,0
C13_B378_S11.tif,0,1,0,0
C13_B376_S11.tif,0,1,0,0
C13_B370_S11.tif,0,1,0,0
C02_B303_S21.tif,0,1,0,0
C02_B302_S21.tif,0,1,0,0
C02_B301_S21.tif,0,1,0,0
C09_B001_S09.tif,1,0,0,0
C17_B050_S17.tif,1,0,0,0
C13_B361_S11.tif,1,0,0,0
C13_B359_S11.tif,1,0,0,0
C13_B357_S11.tif,1,0,0,0
C13_B354_S11.tif,1,0,0,0
C13_B218_S11.tif,0,0,0,1
C06_B026_S21.tif,0,0,0,1
C06_B022_S21.tif,0,0,0,1
C06_B016_S21.tif,1,0,0,0
C12_B186_S12.tif,0,0,0,1
C12_B185_S12.tif,0,0,0,1
C12_B184_S12.tif,0,0,0,1
C12_B183_S12.tif,0,0,0,1
C12_B182_S12.tif,0,0,0,1
C12_B181_S12.tif,0,0,0,1
C12_B180_S12.tif,0,0,0,1
C13_B242_S11.tif,0,0,1,0
C13_B241_S11.tif,0,0,1,0
C13_B239_S11.tif,0,0,1,0
C13_B238_S11.tif,0,0,1,0
C13_B236_S11.tif,0,0,1,0
C13_B235_S11.tif,0,0,1,0
C13_B234_S11.tif,0,0,1,0
C13_B231_S11.tif,0,0,1,0
C13_B230_S11.tif,0,0,1,0
C13_B229_S11.tif,0,0,1,0
C13_B225_S11.tif,0,0,1,0
C13_B224_S11.tif,0,0,1,0
C13_B217_S11.tif,0,0,1,0
C13_B216_S11.tif,0,0,1,0
C02_B269_S21.tif,0,0,1,0
C02_B267_S21.tif,0,0,1,0
C02_B266_S21.tif,0,0,1,0
C06_B033_S21.tif,0,0,1,0
C06_B030_S21.tif,0,0,1,0
C13_B240_S11.tif,0,1,0,0
C13_B226_S11.tif,0,1,0,0
C13_B223_S11.tif,0,1,0,0
C13_B221_S11.tif,0,1,0,0
C13_B220_S11.tif,0,1,0,0
C13_B219_S11.tif,0,1,0,0
C02_B265_S21.tif,0,1,0,0
C06_B043_S21.tif,0,1,0,0
C06_B042_S21.tif,0,1,0,0
C06_B031_S21.tif,0,1,0,0
C06_B028_S21.tif,1,0,0,0
C06_B021_S21.tif,1,0,0,0
C13_B243_S11.tif,1,0,0,0
C13_B237_S11.tif,1,0,0,0
C13_B233_S11.tif,1,0,0,0
C13_B232_S11.tif,1,0,0,0
C13_B228_S11.tif,1,0,0,0
C06_B045_S21.tif,1,0,0,0
C06_B032_S21.tif,1,0,0,0
C12_B187_S12.tif,1,0,0,0
C01_B110_S01.tif,1,0,0,0
C12_B174_S12.tif,0,1,0,0
C12_B381_S12.tif,0,1,0,0
C12_B538_S12.tif,1,0,0,0
C12_B534_S12.tif,1,0,0,0
C12_B533_S12.tif,1,0,0,0
C12_B491_S12.tif,1,0,0,0
C12_B487_S12.tif,1,0,0,0
C12_B478_S12.tif,1,0,0,0
C12_B472_S12.tif,1,0,0,0
C12_B041_S12.tif,1,0,0,0
C12_B038_S12.tif,1,0,0,0
